user_professional1@zmc.com,test123,user_professional2@zmc.com
user_professional2@zmc.com,test123,user_professional3@zmc.com
user_professional3@zmc.com,test123,user_professional4@zmc.com
user_professional4@zmc.com,test123,user_professional5@zmc.com
user_professional5@zmc.com,test123,user_professional6@zmc.com
user_professional6@zmc.com,test123,user_professional7@zmc.com
user_professional7@zmc.com,test123,user_professional8@zmc.com
user_professional8@zmc.com,test123,user_professional9@zmc.com
user_professional9@zmc.com,test123,user_professional10@zmc.com
user_professional10@zmc.com,test123,user_professional1@zmc.com
