user_business1@zmc.com,test123,user_business2@zmc.com
user_business2@zmc.com,test123,user_business3@zmc.com
user_businessplus1@zmc.com,test123,user_businessplus2@zmc.com
user_businessplus2@zmc.com,test123,user_businessplus3@zmc.com
user_standard1@zmc.com,test123,user_standard2@zmc.com
user_standard2@zmc.com,test123,user_standard3@zmc.com
user_professional1@zmc.com,test123,user_professional2@zmc.com
user_professional2@zmc.com,test123,user_professional3@zmc.com
user_business3@zmc.com,test123,user_business4@zmc.com
user_professional3@zmc.com,test123,user_professional4@zmc.com
