user1,test123,user2
user2,test123,user3
user3,test123,user4
user4,test123,user5
user5,test123,user6
user6,test123,user7
user7,test123,user8
user8,test123,user9
user9,test123,user10
user10,test123,user11
user11,test123,user12
user12,test123,user13
user13,test123,user14
user14,test123,user15
user15,test123,user16
user16,test123,user17
user17,test123,user18
user18,test123,user19
user19,test123,user20
user20,test123,user21
user21,test123,user22
user22,test123,user23
user23,test123,user24
user24,test123,user25
user25,test123,user26
user26,test123,user27
user27,test123,user28
user28,test123,user29
user29,test123,user30
user30,test123,user31
user31,test123,user32
user32,test123,user33
user33,test123,user34
user34,test123,user35
user35,test123,user36
user36,test123,user37
user37,test123,user38
user38,test123,user39
user39,test123,user40
user40,test123,user41
user41,test123,user42
user42,test123,user43
user43,test123,user44
user44,test123,user45
user45,test123,user46
user46,test123,user47
user47,test123,user48
user48,test123,user49
user49,test123,user50
user50,test123,user51
user51,test123,user52
user52,test123,user53
user53,test123,user54
user54,test123,user55
user55,test123,user56
user56,test123,user57
user57,test123,user58
user58,test123,user59
user59,test123,user60
user60,test123,user61
user61,test123,user62
user62,test123,user63
user63,test123,user64
user64,test123,user65
user65,test123,user66
user66,test123,user67
user67,test123,user68
user68,test123,user69
user69,test123,user70
user70,test123,user71
user71,test123,user72
user72,test123,user73
user73,test123,user74
user74,test123,user75
user75,test123,user76
user76,test123,user77
user77,test123,user78
user78,test123,user79
user79,test123,user80
user80,test123,user81
user81,test123,user82
user82,test123,user83
user83,test123,user84
user84,test123,user85
user85,test123,user86
user86,test123,user87
user87,test123,user88
user88,test123,user89
user89,test123,user90
user90,test123,user91
user91,test123,user92
user92,test123,user93
user93,test123,user94
user94,test123,user95
user95,test123,user96
user96,test123,user97
user97,test123,user98
user98,test123,user99
user99,test123,user100
user100,test123,user101
user101,test123,user102
user102,test123,user103
user103,test123,user104
user104,test123,user105
user105,test123,user106
user106,test123,user107
user107,test123,user108
user108,test123,user109
user109,test123,user110
user110,test123,user111
user111,test123,user112
user112,test123,user113
user113,test123,user114
user114,test123,user115
user115,test123,user116
user116,test123,user117
user117,test123,user118
user118,test123,user119
user119,test123,user120
user120,test123,user121
user121,test123,user122
user122,test123,user123
user123,test123,user124
user124,test123,user125
user125,test123,user126
user126,test123,user127
user127,test123,user128
user128,test123,user129
user129,test123,user130
user130,test123,user131
user131,test123,user132
user132,test123,user133
user133,test123,user134
user134,test123,user135
user135,test123,user136
user136,test123,user137
user137,test123,user138
user138,test123,user139
user139,test123,user140
user140,test123,user141
user141,test123,user142
user142,test123,user143
user143,test123,user144
user144,test123,user145
user145,test123,user146
user146,test123,user147
user147,test123,user148
user148,test123,user149
user149,test123,user150
user150,test123,user151
user151,test123,user152
user152,test123,user153
user153,test123,user154
user154,test123,user155
user155,test123,user156
user156,test123,user157
user157,test123,user158
user158,test123,user159
user159,test123,user160
user160,test123,user161
user161,test123,user162
user162,test123,user163
user163,test123,user164
user164,test123,user165
user165,test123,user166
user166,test123,user167
user167,test123,user168
user168,test123,user169
user169,test123,user170
user170,test123,user171
user171,test123,user172
user172,test123,user173
user173,test123,user174
user174,test123,user175
user175,test123,user176
user176,test123,user177
user177,test123,user178
user178,test123,user179
user179,test123,user180
user180,test123,user181
user181,test123,user182
user182,test123,user183
user183,test123,user184
user184,test123,user185
user185,test123,user186
user186,test123,user187
user187,test123,user188
user188,test123,user189
user189,test123,user190
user190,test123,user191
user191,test123,user192
user192,test123,user193
user193,test123,user194
user194,test123,user195
user195,test123,user196
user196,test123,user197
user197,test123,user198
user198,test123,user199
user199,test123,user200
user200,test123,user201
user201,test123,user202
user202,test123,user203
user203,test123,user204
user204,test123,user205
user205,test123,user206
user206,test123,user207
user207,test123,user208
user208,test123,user209
user209,test123,user210
user210,test123,user211
user211,test123,user212
user212,test123,user213
user213,test123,user214
user214,test123,user215
user215,test123,user216
user216,test123,user217
user217,test123,user218
user218,test123,user219
user219,test123,user220
user220,test123,user221
user221,test123,user222
user222,test123,user223
user223,test123,user224
user224,test123,user225
user225,test123,user226
user226,test123,user227
user227,test123,user228
user228,test123,user229
user229,test123,user230
user230,test123,user231
user231,test123,user232
user232,test123,user233
user233,test123,user234
user234,test123,user235
user235,test123,user236
user236,test123,user237
user237,test123,user238
user238,test123,user239
user239,test123,user240
user240,test123,user241
user241,test123,user242
user242,test123,user243
user243,test123,user244
user244,test123,user245
user245,test123,user246
user246,test123,user247
user247,test123,user248
user248,test123,user249
user249,test123,user250
user250,test123,user251
user251,test123,user252
user252,test123,user253
user253,test123,user254
user254,test123,user255
user255,test123,user256
user256,test123,user257
user257,test123,user258
user258,test123,user259
user259,test123,user260
user260,test123,user261
user261,test123,user262
user262,test123,user263
user263,test123,user264
user264,test123,user265
user265,test123,user266
user266,test123,user267
user267,test123,user268
user268,test123,user269
user269,test123,user270
user270,test123,user271
user271,test123,user272
user272,test123,user273
user273,test123,user274
user274,test123,user275
user275,test123,user276
user276,test123,user277
user277,test123,user278
user278,test123,user279
user279,test123,user280
user280,test123,user281
user281,test123,user282
user282,test123,user283
user283,test123,user284
user284,test123,user285
user285,test123,user286
user286,test123,user287
user287,test123,user288
user288,test123,user289
user289,test123,user290
user290,test123,user291
user291,test123,user292
user292,test123,user293
user293,test123,user294
user294,test123,user295
user295,test123,user296
user296,test123,user297
user297,test123,user298
user298,test123,user299
user299,test123,user300
user300,test123,user301
user301,test123,user302
user302,test123,user303
user303,test123,user304
user304,test123,user305
user305,test123,user306
user306,test123,user307
user307,test123,user308
user308,test123,user309
user309,test123,user310
user310,test123,user311
user311,test123,user312
user312,test123,user313
user313,test123,user314
user314,test123,user315
user315,test123,user316
user316,test123,user317
user317,test123,user318
user318,test123,user319
user319,test123,user320
user320,test123,user321
user321,test123,user322
user322,test123,user323
user323,test123,user324
user324,test123,user325
user325,test123,user326
user326,test123,user327
user327,test123,user328
user328,test123,user329
user329,test123,user330
user330,test123,user331
user331,test123,user332
user332,test123,user333
user333,test123,user334
user334,test123,user335
user335,test123,user336
user336,test123,user337
user337,test123,user338
user338,test123,user339
user339,test123,user340
user340,test123,user341
user341,test123,user342
user342,test123,user343
user343,test123,user344
user344,test123,user345
user345,test123,user346
user346,test123,user347
user347,test123,user348
user348,test123,user349
user349,test123,user350
user350,test123,user351
user351,test123,user352
user352,test123,user353
user353,test123,user354
user354,test123,user355
user355,test123,user356
user356,test123,user357
user357,test123,user358
user358,test123,user359
user359,test123,user360
user360,test123,user361
user361,test123,user362
user362,test123,user363
user363,test123,user364
user364,test123,user365
user365,test123,user366
user366,test123,user367
user367,test123,user368
user368,test123,user369
user369,test123,user370
user370,test123,user371
user371,test123,user372
user372,test123,user373
user373,test123,user374
user374,test123,user375
user375,test123,user376
user376,test123,user377
user377,test123,user378
user378,test123,user379
user379,test123,user380
user380,test123,user381
user381,test123,user382
user382,test123,user383
user383,test123,user384
user384,test123,user385
user385,test123,user386
user386,test123,user387
user387,test123,user388
user388,test123,user389
user389,test123,user390
user390,test123,user391
user391,test123,user392
user392,test123,user393
user393,test123,user394
user394,test123,user395
user395,test123,user396
user396,test123,user397
user397,test123,user398
user398,test123,user399
user399,test123,user400
user400,test123,user401
user401,test123,user402
user402,test123,user403
user403,test123,user404
user404,test123,user405
user405,test123,user406
user406,test123,user407
user407,test123,user408
user408,test123,user409
user409,test123,user410
user410,test123,user411
user411,test123,user412
user412,test123,user413
user413,test123,user414
user414,test123,user415
user415,test123,user416
user416,test123,user417
user417,test123,user418
user418,test123,user419
user419,test123,user420
user420,test123,user421
user421,test123,user422
user422,test123,user423
user423,test123,user424
user424,test123,user425
user425,test123,user426
user426,test123,user427
user427,test123,user428
user428,test123,user429
user429,test123,user430
user430,test123,user431
user431,test123,user432
user432,test123,user433
user433,test123,user434
user434,test123,user435
user435,test123,user436
user436,test123,user437
user437,test123,user438
user438,test123,user439
user439,test123,user440
user440,test123,user441
user441,test123,user442
user442,test123,user443
user443,test123,user444
user444,test123,user445
user445,test123,user446
user446,test123,user447
user447,test123,user448
user448,test123,user449
user449,test123,user450
user450,test123,user451
user451,test123,user452
user452,test123,user453
user453,test123,user454
user454,test123,user455
user455,test123,user456
user456,test123,user457
user457,test123,user458
user458,test123,user459
user459,test123,user460
user460,test123,user461
user461,test123,user462
user462,test123,user463
user463,test123,user464
user464,test123,user465
user465,test123,user466
user466,test123,user467
user467,test123,user468
user468,test123,user469
user469,test123,user470
user470,test123,user471
user471,test123,user472
user472,test123,user473
user473,test123,user474
user474,test123,user475
user475,test123,user476
user476,test123,user477
user477,test123,user478
user478,test123,user479
user479,test123,user480
user480,test123,user481
user481,test123,user482
user482,test123,user483
user483,test123,user484
user484,test123,user485
user485,test123,user486
user486,test123,user487
user487,test123,user488
user488,test123,user489
user489,test123,user490
user490,test123,user491
user491,test123,user492
user492,test123,user493
user493,test123,user494
user494,test123,user495
user495,test123,user496
user496,test123,user497
user497,test123,user498
user498,test123,user499
user499,test123,user500
user500,test123,user501
user501,test123,user502
user502,test123,user503
user503,test123,user504
user504,test123,user505
user505,test123,user506
user506,test123,user507
user507,test123,user508
user508,test123,user509
user509,test123,user510
user510,test123,user511
user511,test123,user512
user512,test123,user513
user513,test123,user514
user514,test123,user515
user515,test123,user516
user516,test123,user517
user517,test123,user518
user518,test123,user519
user519,test123,user520
user520,test123,user521
user521,test123,user522
user522,test123,user523
user523,test123,user524
user524,test123,user525
user525,test123,user526
user526,test123,user527
user527,test123,user528
user528,test123,user529
user529,test123,user530
user530,test123,user531
user531,test123,user532
user532,test123,user533
user533,test123,user534
user534,test123,user535
user535,test123,user536
user536,test123,user537
user537,test123,user538
user538,test123,user539
user539,test123,user540
user540,test123,user541
user541,test123,user542
user542,test123,user543
user543,test123,user544
user544,test123,user545
user545,test123,user546
user546,test123,user547
user547,test123,user548
user548,test123,user549
user549,test123,user550
user550,test123,user551
user551,test123,user552
user552,test123,user553
user553,test123,user554
user554,test123,user555
user555,test123,user556
user556,test123,user557
user557,test123,user558
user558,test123,user559
user559,test123,user560
user560,test123,user561
user561,test123,user562
user562,test123,user563
user563,test123,user564
user564,test123,user565
user565,test123,user566
user566,test123,user567
user567,test123,user568
user568,test123,user569
user569,test123,user570
user570,test123,user571
user571,test123,user572
user572,test123,user573
user573,test123,user574
user574,test123,user575
user575,test123,user576
user576,test123,user577
user577,test123,user578
user578,test123,user579
user579,test123,user580
user580,test123,user581
user581,test123,user582
user582,test123,user583
user583,test123,user584
user584,test123,user585
user585,test123,user586
user586,test123,user587
user587,test123,user588
user588,test123,user589
user589,test123,user590
user590,test123,user591
user591,test123,user592
user592,test123,user593
user593,test123,user594
user594,test123,user595
user595,test123,user596
user596,test123,user597
user597,test123,user598
user598,test123,user599
user599,test123,user600
user600,test123,user601
user601,test123,user602
user602,test123,user603
user603,test123,user604
user604,test123,user605
user605,test123,user606
user606,test123,user607
user607,test123,user608
user608,test123,user609
user609,test123,user610
user610,test123,user611
user611,test123,user612
user612,test123,user613
user613,test123,user614
user614,test123,user615
user615,test123,user616
user616,test123,user617
user617,test123,user618
user618,test123,user619
user619,test123,user620
user620,test123,user621
user621,test123,user622
user622,test123,user623
user623,test123,user624
user624,test123,user625
user625,test123,user626
user626,test123,user627
user627,test123,user628
user628,test123,user629
user629,test123,user630
user630,test123,user631
user631,test123,user632
user632,test123,user633
user633,test123,user634
user634,test123,user635
user635,test123,user636
user636,test123,user637
user637,test123,user638
user638,test123,user639
user639,test123,user640
user640,test123,user641
user641,test123,user642
user642,test123,user643
user643,test123,user644
user644,test123,user645
user645,test123,user646
user646,test123,user647
user647,test123,user648
user648,test123,user649
user649,test123,user650
user650,test123,user651
user651,test123,user652
user652,test123,user653
user653,test123,user654
user654,test123,user655
user655,test123,user656
user656,test123,user657
user657,test123,user658
user658,test123,user659
user659,test123,user660
user660,test123,user661
user661,test123,user662
user662,test123,user663
user663,test123,user664
user664,test123,user665
user665,test123,user666
user666,test123,user667
user667,test123,user668
user668,test123,user669
user669,test123,user670
user670,test123,user671
user671,test123,user672
user672,test123,user673
user673,test123,user674
user674,test123,user675
user675,test123,user676
user676,test123,user677
user677,test123,user678
user678,test123,user679
user679,test123,user680
user680,test123,user681
user681,test123,user682
user682,test123,user683
user683,test123,user684
user684,test123,user685
user685,test123,user686
user686,test123,user687
user687,test123,user688
user688,test123,user689
user689,test123,user690
user690,test123,user691
user691,test123,user692
user692,test123,user693
user693,test123,user694
user694,test123,user695
user695,test123,user696
user696,test123,user697
user697,test123,user698
user698,test123,user699
user699,test123,user700
user700,test123,user701
user701,test123,user702
user702,test123,user703
user703,test123,user704
user704,test123,user705
user705,test123,user706
user706,test123,user707
user707,test123,user708
user708,test123,user709
user709,test123,user710
user710,test123,user711
user711,test123,user712
user712,test123,user713
user713,test123,user714
user714,test123,user715
user715,test123,user716
user716,test123,user717
user717,test123,user718
user718,test123,user719
user719,test123,user720
user720,test123,user721
user721,test123,user722
user722,test123,user723
user723,test123,user724
user724,test123,user725
user725,test123,user726
user726,test123,user727
user727,test123,user728
user728,test123,user729
user729,test123,user730
user730,test123,user731
user731,test123,user732
user732,test123,user733
user733,test123,user734
user734,test123,user735
user735,test123,user736
user736,test123,user737
user737,test123,user738
user738,test123,user739
user739,test123,user740
user740,test123,user741
user741,test123,user742
user742,test123,user743
user743,test123,user744
user744,test123,user745
user745,test123,user746
user746,test123,user747
user747,test123,user748
user748,test123,user749
user749,test123,user750
user750,test123,user751
user751,test123,user752
user752,test123,user753
user753,test123,user754
user754,test123,user755
user755,test123,user756
user756,test123,user757
user757,test123,user758
user758,test123,user759
user759,test123,user760
user760,test123,user761
user761,test123,user762
user762,test123,user763
user763,test123,user764
user764,test123,user765
user765,test123,user766
user766,test123,user767
user767,test123,user768
user768,test123,user769
user769,test123,user770
user770,test123,user771
user771,test123,user772
user772,test123,user773
user773,test123,user774
user774,test123,user775
user775,test123,user776
user776,test123,user777
user777,test123,user778
user778,test123,user779
user779,test123,user780
user780,test123,user781
user781,test123,user782
user782,test123,user783
user783,test123,user784
user784,test123,user785
user785,test123,user786
user786,test123,user787
user787,test123,user788
user788,test123,user789
user789,test123,user790
user790,test123,user791
user791,test123,user792
user792,test123,user793
user793,test123,user794
user794,test123,user795
user795,test123,user796
user796,test123,user797
user797,test123,user798
user798,test123,user799
user799,test123,user800
user800,test123,user801
user801,test123,user802
user802,test123,user803
user803,test123,user804
user804,test123,user805
user805,test123,user806
user806,test123,user807
user807,test123,user808
user808,test123,user809
user809,test123,user810
user810,test123,user811
user811,test123,user812
user812,test123,user813
user813,test123,user814
user814,test123,user815
user815,test123,user816
user816,test123,user817
user817,test123,user818
user818,test123,user819
user819,test123,user820
user820,test123,user821
user821,test123,user822
user822,test123,user823
user823,test123,user824
user824,test123,user825
user825,test123,user826
user826,test123,user827
user827,test123,user828
user828,test123,user829
user829,test123,user830
user830,test123,user831
user831,test123,user832
user832,test123,user833
user833,test123,user834
user834,test123,user835
user835,test123,user836
user836,test123,user837
user837,test123,user838
user838,test123,user839
user839,test123,user840
user840,test123,user841
user841,test123,user842
user842,test123,user843
user843,test123,user844
user844,test123,user845
user845,test123,user846
user846,test123,user847
user847,test123,user848
user848,test123,user849
user849,test123,user850
user850,test123,user851
user851,test123,user852
user852,test123,user853
user853,test123,user854
user854,test123,user855
user855,test123,user856
user856,test123,user857
user857,test123,user858
user858,test123,user859
user859,test123,user860
user860,test123,user861
user861,test123,user862
user862,test123,user863
user863,test123,user864
user864,test123,user865
user865,test123,user866
user866,test123,user867
user867,test123,user868
user868,test123,user869
user869,test123,user870
user870,test123,user871
user871,test123,user872
user872,test123,user873
user873,test123,user874
user874,test123,user875
user875,test123,user876
user876,test123,user877
user877,test123,user878
user878,test123,user879
user879,test123,user880
user880,test123,user881
user881,test123,user882
user882,test123,user883
user883,test123,user884
user884,test123,user885
user885,test123,user886
user886,test123,user887
user887,test123,user888
user888,test123,user889
user889,test123,user890
user890,test123,user891
user891,test123,user892
user892,test123,user893
user893,test123,user894
user894,test123,user895
user895,test123,user896
user896,test123,user897
user897,test123,user898
user898,test123,user899
user899,test123,user900
user900,test123,user901
user901,test123,user902
user902,test123,user903
user903,test123,user904
user904,test123,user905
user905,test123,user906
user906,test123,user907
user907,test123,user908
user908,test123,user909
user909,test123,user910
user910,test123,user911
user911,test123,user912
user912,test123,user913
user913,test123,user914
user914,test123,user915
user915,test123,user916
user916,test123,user917
user917,test123,user918
user918,test123,user919
user919,test123,user920
user920,test123,user921
user921,test123,user922
user922,test123,user923
user923,test123,user924
user924,test123,user925
user925,test123,user926
user926,test123,user927
user927,test123,user928
user928,test123,user929
user929,test123,user930
user930,test123,user931
user931,test123,user932
user932,test123,user933
user933,test123,user934
user934,test123,user935
user935,test123,user936
user936,test123,user937
user937,test123,user938
user938,test123,user939
user939,test123,user940
user940,test123,user941
user941,test123,user942
user942,test123,user943
user943,test123,user944
user944,test123,user945
user945,test123,user946
user946,test123,user947
user947,test123,user948
user948,test123,user949
user949,test123,user950
user950,test123,user951
user951,test123,user952
user952,test123,user953
user953,test123,user954
user954,test123,user955
user955,test123,user956
user956,test123,user957
user957,test123,user958
user958,test123,user959
user959,test123,user960
user960,test123,user961
user961,test123,user962
user962,test123,user963
user963,test123,user964
user964,test123,user965
user965,test123,user966
user966,test123,user967
user967,test123,user968
user968,test123,user969
user969,test123,user970
user970,test123,user971
user971,test123,user972
user972,test123,user973
user973,test123,user974
user974,test123,user975
user975,test123,user976
user976,test123,user977
user977,test123,user978
user978,test123,user979
user979,test123,user980
user980,test123,user981
user981,test123,user982
user982,test123,user983
user983,test123,user984
user984,test123,user985
user985,test123,user986
user986,test123,user987
user987,test123,user988
user988,test123,user989
user989,test123,user990
user990,test123,user991
user991,test123,user992
user992,test123,user993
user993,test123,user994
user994,test123,user995
user995,test123,user996
user996,test123,user997
user997,test123,user998
user998,test123,user999
user999,test123,user1000
user1000,test123,user1
